,season,award,player
0,2021,1st,Nikola Jokić
1,2021,1st,Giannis Antetokounmpo
2,2021,1st,Jayson Tatum
3,2021,1st,Luka Dončić
4,2021,1st,Devin Booker
5,2021,2nd,Joel Embiid
6,2021,2nd,Kevin Durant
7,2021,2nd,DeMar DeRozan
8,2021,2nd,Ja Morant
9,2021,2nd,Stephen Curry
10,2021,3rd,Karl-Anthony Towns
11,2021,3rd,LeBron James
12,2021,3rd,Pascal Siakam
13,2021,3rd,Chris Paul
14,2021,3rd,Trae Young
15,2020,1st,Nikola Jokić
16,2020,1st,Giannis Antetokounmpo
17,2020,1st,Kawhi Leonard
18,2020,1st,Stephen Curry
19,2020,1st,Luka Dončić
20,2020,2nd,Joel Embiid
21,2020,2nd,Julius Randle
22,2020,2nd,LeBron James
23,2020,2nd,Chris Paul
24,2020,2nd,Damian Lillard
25,2020,3rd,Rudy Gobert
26,2020,3rd,Jimmy Butler
27,2020,3rd,Paul George
28,2020,3rd,Bradley Beal
29,2020,3rd,Kyrie Irving
30,2019,1st,Anthony Davis
31,2019,1st,Giannis Antetokounmpo
32,2019,1st,LeBron James
33,2019,1st,James Harden
34,2019,1st,Luka Dončić
35,2019,2nd,Nikola Jokić
36,2019,2nd,Kawhi Leonard
37,2019,2nd,Pascal Siakam
38,2019,2nd,Damian Lillard
39,2019,2nd,Chris Paul
40,2019,3rd,Rudy Gobert
41,2019,3rd,Jayson Tatum
42,2019,3rd,Jimmy Butler
43,2019,3rd,Ben Simmons
44,2019,3rd,Russell Westbrook
45,2018,1st,Nikola Jokić
46,2018,1st,Giannis Antetokounmpo
47,2018,1st,Paul George
48,2018,1st,James Harden
49,2018,1st,Stephen Curry
50,2018,2nd,Joel Embiid
51,2018,2nd,Kevin Durant
52,2018,2nd,Kawhi Leonard
53,2018,2nd,Damian Lillard
54,2018,2nd,Kyrie Irving
55,2018,3rd,Rudy Gobert
56,2018,3rd,LeBron James
57,2018,3rd,Blake Griffin
58,2018,3rd,Kemba Walker
59,2018,3rd,Russell Westbrook
60,2017,1st,Anthony Davis
61,2017,1st,LeBron James
62,2017,1st,Kevin Durant
63,2017,1st,Damian Lillard
64,2017,1st,James Harden
65,2017,2nd,Joel Embiid
66,2017,2nd,Giannis Antetokounmpo
67,2017,2nd,LaMarcus Aldridge
68,2017,2nd,Russell Westbrook
69,2017,2nd,DeMar DeRozan
70,2017,3rd,Karl-Anthony Towns
71,2017,3rd,Jimmy Butler
72,2017,3rd,Paul George
73,2017,3rd,Stephen Curry
74,2017,3rd,Victor Oladipo
75,2016,1st,Anthony Davis
76,2016,1st,LeBron James
77,2016,1st,Kawhi Leonard
78,2016,1st,James Harden
79,2016,1st,Russell Westbrook
80,2016,2nd,Rudy Gobert
81,2016,2nd,Giannis Antetokounmpo
82,2016,2nd,Kevin Durant
83,2016,2nd,Stephen Curry
84,2016,2nd,Isaiah Thomas
85,2016,3rd,DeAndre Jordan
86,2016,3rd,Draymond Green
87,2016,3rd,Jimmy Butler
88,2016,3rd,John Wall
89,2016,3rd,DeMar DeRozan
90,2015,1st,DeAndre Jordan
91,2015,1st,LeBron James
92,2015,1st,Kawhi Leonard
93,2015,1st,Stephen Curry
94,2015,1st,Russell Westbrook
95,2015,2nd,DeMarcus Cousins
96,2015,2nd,Kevin Durant
97,2015,2nd,Draymond Green
98,2015,2nd,Chris Paul
99,2015,2nd,Damian Lillard
100,2015,3rd,Andre Drummond
101,2015,3rd,Paul George
102,2015,3rd,LaMarcus Aldridge
103,2015,3rd,Klay Thompson
104,2015,3rd,Kyle Lowry
105,2014,1st,Marc Gasol
106,2014,1st,LeBron James
107,2014,1st,Anthony Davis
108,2014,1st,Stephen Curry
109,2014,1st,James Harden
110,2014,2nd,DeMarcus Cousins
111,2014,2nd,Pau Gasol
112,2014,2nd,LaMarcus Aldridge
113,2014,2nd,Russell Westbrook
114,2014,2nd,Chris Paul
115,2014,3rd,DeAndre Jordan
116,2014,3rd,Blake Griffin
117,2014,3rd,Tim Duncan
118,2014,3rd,Klay Thompson
119,2014,3rd,Kyrie Irving
120,2013,1st,Joakim Noah
121,2013,1st,Kevin Durant
122,2013,1st,LeBron James
123,2013,1st,James Harden
124,2013,1st,Chris Paul
125,2013,2nd,Dwight Howard
126,2013,2nd,Blake Griffin
127,2013,2nd,Kevin Love
128,2013,2nd,Stephen Curry
129,2013,2nd,Tony Parker
130,2013,3rd,Al Jefferson
131,2013,3rd,Paul George
132,2013,3rd,LaMarcus Aldridge
133,2013,3rd,Goran Dragić
134,2013,3rd,Damian Lillard
135,2012,1st,Tim Duncan
136,2012,1st,Kevin Durant
137,2012,1st,LeBron James
138,2012,1st,Kobe Bryant
139,2012,1st,Chris Paul
140,2012,2nd,Marc Gasol
141,2012,2nd,Carmelo Anthony
142,2012,2nd,Blake Griffin
143,2012,2nd,Tony Parker
144,2012,2nd,Russell Westbrook
145,2012,3rd,Dwight Howard
146,2012,3rd,Paul George
147,2012,3rd,David Lee
148,2012,3rd,James Harden
149,2012,3rd,Dwyane Wade
150,2011,1st,Dwight Howard
151,2011,1st,Kevin Durant
152,2011,1st,LeBron James
153,2011,1st,Kobe Bryant
154,2011,1st,Chris Paul
155,2011,2nd,Andrew Bynum
156,2011,2nd,Blake Griffin
157,2011,2nd,Kevin Love
158,2011,2nd,Tony Parker
159,2011,2nd,Russell Westbrook
160,2011,3rd,Tyson Chandler
161,2011,3rd,Carmelo Anthony
162,2011,3rd,Dirk Nowitzki
163,2011,3rd,Rajon Rondo
164,2011,3rd,Dwyane Wade
165,2010,1st,Dwight Howard
166,2010,1st,Kevin Durant
167,2010,1st,LeBron James
168,2010,1st,Kobe Bryant
169,2010,1st,Derrick Rose
170,2010,2nd,Amar'e Stoudemire
171,2010,2nd,Pau Gasol
172,2010,2nd,Dirk Nowitzki
173,2010,2nd,Dwyane Wade
174,2010,2nd,Russell Westbrook
175,2010,3rd,Al Horford
176,2010,3rd,LaMarcus Aldridge
177,2010,3rd,Zach Randolph
178,2010,3rd,Manu Ginóbili
179,2010,3rd,Chris Paul
180,2009,1st,Dwight Howard
181,2009,1st,Kevin Durant
182,2009,1st,LeBron James
183,2009,1st,Kobe Bryant
184,2009,1st,Dwyane Wade
185,2009,2nd,Amar'e Stoudemire
186,2009,2nd,Carmelo Anthony
187,2009,2nd,Dirk Nowitzki
188,2009,2nd,Steve Nash
189,2009,2nd,Deron Williams
190,2009,3rd,Andrew Bogut
191,2009,3rd,Tim Duncan
192,2009,3rd,Pau Gasol
193,2009,3rd,Joe Johnson
194,2009,3rd,Brandon Roy
195,2008,1st,Dwight Howard
196,2008,1st,LeBron James
197,2008,1st,Dirk Nowitzki
198,2008,1st,Kobe Bryant
199,2008,1st,Dwyane Wade
200,2008,2nd,Yao Ming
201,2008,2nd,Tim Duncan
202,2008,2nd,Paul Pierce
203,2008,2nd,Chris Paul
204,2008,2nd,Brandon Roy
205,2008,3rd,Shaquille O'Neal
206,2008,3rd,Carmelo Anthony
207,2008,3rd,Pau Gasol
208,2008,3rd,Chauncey Billups
209,2008,3rd,Tony Parker
210,2007,1st,Dwight Howard
211,2007,1st,Kevin Garnett
212,2007,1st,LeBron James
213,2007,1st,Kobe Bryant
214,2007,1st,Chris Paul
215,2007,2nd,Amar'e Stoudemire
216,2007,2nd,Tim Duncan
217,2007,2nd,Dirk Nowitzki
218,2007,2nd,Steve Nash
219,2007,2nd,Deron Williams
220,2007,3rd,Yao Ming
221,2007,3rd,Carlos Boozer
222,2007,3rd,Paul Pierce
223,2007,3rd,Manu Ginóbili
224,2007,3rd,Tracy McGrady
225,2006,1st,Amar'e Stoudemire
226,2006,1st,Tim Duncan
227,2006,1st,Dirk Nowitzki
228,2006,1st,Kobe Bryant
229,2006,1st,Steve Nash
230,2006,2nd,Yao Ming
231,2006,2nd,Chris Bosh
232,2006,2nd,LeBron James
233,2006,2nd,Gilbert Arenas
234,2006,2nd,Tracy McGrady
235,2006,3rd,Dwight Howard
236,2006,3rd,Carmelo Anthony
237,2006,3rd,Kevin Garnett
238,2006,3rd,Chauncey Billups
239,2006,3rd,Dwyane Wade
240,2005,1st,Shaquille O'Neal
241,2005,1st,LeBron James
242,2005,1st,Dirk Nowitzki
243,2005,1st,Kobe Bryant
244,2005,1st,Steve Nash
245,2005,2nd,Ben Wallace
246,2005,2nd,Elton Brand
247,2005,2nd,Tim Duncan
248,2005,2nd,Chauncey Billups
249,2005,2nd,Dwyane Wade
250,2005,3rd,Yao Ming
251,2005,3rd,Carmelo Anthony
252,2005,3rd,Shawn Marion
253,2005,3rd,Gilbert Arenas
254,2005,3rd,Allen Iverson
255,2004,1st,Shaquille O'Neal
256,2004,1st,Tim Duncan
257,2004,1st,Dirk Nowitzki
258,2004,1st,Allen Iverson
259,2004,1st,Steve Nash
260,2004,2nd,Amar'e Stoudemire
261,2004,2nd,Kevin Garnett
262,2004,2nd,LeBron James
263,2004,2nd,Ray Allen
264,2004,2nd,Dwyane Wade
265,2004,3rd,Ben Wallace
266,2004,3rd,Shawn Marion
267,2004,3rd,Tracy McGrady
268,2004,3rd,Gilbert Arenas
269,2004,3rd,Kobe Bryant
270,2003,1st,Shaquille O'Neal
271,2003,1st,Tim Duncan
272,2003,1st,Kevin Garnett
273,2003,1st,Kobe Bryant
274,2003,1st,Jason Kidd
275,2003,2nd,Ben Wallace
276,2003,2nd,Jermaine O'Neal
277,2003,2nd,Peja Stojaković
278,2003,2nd,Sam Cassell
279,2003,2nd,Tracy McGrady
280,2003,3rd,Yao Ming
281,2003,3rd,Metta World Peace
282,2003,3rd,Dirk Nowitzki
283,2003,3rd,Baron Davis
284,2003,3rd,Michael Redd
285,2002,1st,Shaquille O'Neal
286,2002,1st,Tim Duncan
287,2002,1st,Kevin Garnett
288,2002,1st,Kobe Bryant
289,2002,1st,Tracy McGrady
290,2002,2nd,Ben Wallace
291,2002,2nd,Dirk Nowitzki
292,2002,2nd,Chris Webber
293,2002,2nd,Allen Iverson
294,2002,2nd,Jason Kidd
295,2002,3rd,Jermaine O'Neal
296,2002,3rd,Jamal Mashburn
297,2002,3rd,Paul Pierce
298,2002,3rd,Stephon Marbury
299,2002,3rd,Steve Nash
300,2001,1st,Shaquille O'Neal
301,2001,1st,Tim Duncan
302,2001,1st,Tracy McGrady
303,2001,1st,Kobe Bryant
304,2001,1st,Jason Kidd
305,2001,2nd,Dirk Nowitzki
306,2001,2nd,Kevin Garnett
307,2001,2nd,Chris Webber
308,2001,2nd,Allen Iverson
309,2001,2nd,Gary Payton
310,2001,3rd,Dikembe Mutombo
311,2001,3rd,Jermaine O'Neal
312,2001,3rd,Ben Wallace
313,2001,3rd,Steve Nash
314,2001,3rd,Paul Pierce
315,2000,1st,Shaquille O'Neal
316,2000,1st,Tim Duncan
317,2000,1st,Chris Webber
318,2000,1st,Allen Iverson
319,2000,1st,Jason Kidd
320,2000,2nd,Dikembe Mutombo
321,2000,2nd,Vince Carter
322,2000,2nd,Kevin Garnett
323,2000,2nd,Kobe Bryant
324,2000,2nd,Tracy McGrady
325,2000,3rd,David Robinson
326,2000,3rd,Karl Malone
327,2000,3rd,Dirk Nowitzki
328,2000,3rd,Ray Allen
329,2000,3rd,Gary Payton
330,1999,1st,Shaquille O'Neal
331,1999,1st,Tim Duncan
332,1999,1st,Kevin Garnett
333,1999,1st,Jason Kidd
334,1999,1st,Gary Payton
335,1999,2nd,Alonzo Mourning
336,1999,2nd,Grant Hill
337,1999,2nd,Karl Malone
338,1999,2nd,Kobe Bryant
339,1999,2nd,Allen Iverson
340,1999,3rd,David Robinson
341,1999,3rd,Vince Carter
342,1999,3rd,Chris Webber
343,1999,3rd,Eddie Jones
344,1999,3rd,Stephon Marbury
345,1998,1st,Alonzo Mourning
346,1998,1st,Tim Duncan
347,1998,1st,Karl Malone
348,1998,1st,Allen Iverson
349,1998,1st,Jason Kidd
350,1998,2nd,Shaquille O'Neal
351,1998,2nd,Grant Hill
352,1998,2nd,Chris Webber
353,1998,2nd,Tim Hardaway
354,1998,2nd,Gary Payton
355,1998,3rd,Hakeem Olajuwon
356,1998,3rd,Kevin Garnett
357,1998,3rd,Antonio McDyess
358,1998,3rd,Kobe Bryant
359,1998,3rd,John Stockton
360,1997,1st,Shaquille O'Neal
361,1997,1st,Tim Duncan
362,1997,1st,Karl Malone
363,1997,1st,Michael Jordan
364,1997,1st,Gary Payton
365,1997,2nd,David Robinson
366,1997,2nd,Vin Baker
367,1997,2nd,Grant Hill
368,1997,2nd,Tim Hardaway
369,1997,2nd,Rod Strickland
370,1997,3rd,Dikembe Mutombo
371,1997,3rd,Scottie Pippen
372,1997,3rd,Glen Rice
373,1997,3rd,Reggie Miller
374,1997,3rd,Mitch Richmond
375,1996,1st,Hakeem Olajuwon
376,1996,1st,Grant Hill
377,1996,1st,Karl Malone
378,1996,1st,Tim Hardaway
379,1996,1st,Michael Jordan
380,1996,2nd,Patrick Ewing
381,1996,2nd,Scottie Pippen
382,1996,2nd,Glen Rice
383,1996,2nd,Gary Payton
384,1996,2nd,Mitch Richmond
385,1996,3rd,Shaquille O'Neal
386,1996,3rd,Vin Baker
387,1996,3rd,Anthony Mason
388,1996,3rd,Anfernee Hardaway
389,1996,3rd,John Stockton
390,1995,1st,David Robinson
391,1995,1st,Karl Malone
392,1995,1st,Scottie Pippen
393,1995,1st,Anfernee Hardaway
394,1995,1st,Michael Jordan
395,1995,2nd,Hakeem Olajuwon
396,1995,2nd,Grant Hill
397,1995,2nd,Shawn Kemp
398,1995,2nd,Gary Payton
399,1995,2nd,John Stockton
400,1995,3rd,Shaquille O'Neal
401,1995,3rd,Charles Barkley
402,1995,3rd,Juwan Howard
403,1995,3rd,Reggie Miller
404,1995,3rd,Mitch Richmond
405,1994,1st,David Robinson
406,1994,1st,Karl Malone
407,1994,1st,Scottie Pippen
408,1994,1st,Anfernee Hardaway
409,1994,1st,John Stockton
410,1994,2nd,Shaquille O'Neal
411,1994,2nd,Charles Barkley
412,1994,2nd,Shawn Kemp
413,1994,2nd,Gary Payton
414,1994,2nd,Mitch Richmond
415,1994,3rd,Hakeem Olajuwon
416,1994,3rd,Dennis Rodman
417,1994,3rd,Detlef Schrempf
418,1994,3rd,Clyde Drexler
419,1994,3rd,Reggie Miller
420,1993,1st,Hakeem Olajuwon
421,1993,1st,Karl Malone
422,1993,1st,Scottie Pippen
423,1993,1st,Latrell Sprewell
424,1993,1st,John Stockton
425,1993,2nd,David Robinson
426,1993,2nd,Charles Barkley
427,1993,2nd,Shawn Kemp
428,1993,2nd,Kevin Johnson
429,1993,2nd,Mitch Richmond
430,1993,3rd,Shaquille O'Neal
431,1993,3rd,Derrick Coleman
432,1993,3rd,Dominique Wilkins
433,1993,3rd,Gary Payton
434,1993,3rd,Mark Price
435,1992,1st,Hakeem Olajuwon
436,1992,1st,Charles Barkley
437,1992,1st,Karl Malone
438,1992,1st,Michael Jordan
439,1992,1st,Mark Price
440,1992,2nd,Patrick Ewing
441,1992,2nd,Larry Johnson
442,1992,2nd,Dominique Wilkins
443,1992,2nd,Joe Dumars
444,1992,2nd,John Stockton
445,1992,3rd,David Robinson
446,1992,3rd,Derrick Coleman
447,1992,3rd,Scottie Pippen
448,1992,3rd,Tim Hardaway
449,1992,3rd,Dražen Petrović
450,1991,1st,David Robinson
451,1991,1st,Karl Malone
452,1991,1st,Chris Mullin
453,1991,1st,Clyde Drexler
454,1991,1st,Michael Jordan
455,1991,2nd,Patrick Ewing
456,1991,2nd,Charles Barkley
457,1991,2nd,Scottie Pippen
458,1991,2nd,Tim Hardaway
459,1991,2nd,John Stockton
460,1991,3rd,Brad Daugherty
461,1991,3rd,Dennis Rodman
462,1991,3rd,Kevin Willis
463,1991,3rd,Kevin Johnson
464,1991,3rd,Mark Price
465,1990,1st,David Robinson
466,1990,1st,Charles Barkley
467,1990,1st,Karl Malone
468,1990,1st,Magic Johnson
469,1990,1st,Michael Jordan
470,1990,2nd,Patrick Ewing
471,1990,2nd,Chris Mullin
472,1990,2nd,Dominique Wilkins
473,1990,2nd,Clyde Drexler
474,1990,2nd,Kevin Johnson
475,1990,3rd,Hakeem Olajuwon
476,1990,3rd,Bernard King
477,1990,3rd,James Worthy
478,1990,3rd,Joe Dumars
479,1990,3rd,John Stockton
480,1989,1st,Patrick Ewing
481,1989,1st,Charles Barkley
482,1989,1st,Karl Malone
483,1989,1st,Magic Johnson
484,1989,1st,Michael Jordan
485,1989,2nd,Hakeem Olajuwon
486,1989,2nd,Larry Bird
487,1989,2nd,Tom Chambers
488,1989,2nd,Kevin Johnson
489,1989,2nd,John Stockton
490,1989,3rd,David Robinson
491,1989,3rd,Chris Mullin
492,1989,3rd,James Worthy
493,1989,3rd,Clyde Drexler
494,1989,3rd,Joe Dumars
495,1988,1st,Hakeem Olajuwon
496,1988,1st,Charles Barkley
497,1988,1st,Karl Malone
498,1988,1st,Magic Johnson
499,1988,1st,Michael Jordan
500,1988,2nd,Patrick Ewing
501,1988,2nd,Tom Chambers
502,1988,2nd,Chris Mullin
503,1988,2nd,Kevin Johnson
504,1988,2nd,John Stockton
505,1988,3rd,Robert Parish
506,1988,3rd,Terry Cummings
507,1988,3rd,Dominique Wilkins
508,1988,3rd,Dale Ellis
509,1988,3rd,Mark Price
510,1987,1st,Hakeem Olajuwon
511,1987,1st,Charles Barkley
512,1987,1st,Larry Bird
513,1987,1st,Magic Johnson
514,1987,1st,Michael Jordan
515,1987,2nd,Patrick Ewing
516,1987,2nd,Karl Malone
517,1987,2nd,Dominique Wilkins
518,1987,2nd,Clyde Drexler
519,1987,2nd,John Stockton
520,1986,1st,Hakeem Olajuwon
521,1986,1st,Larry Bird
522,1986,1st,Kevin McHale
523,1986,1st,Magic Johnson
524,1986,1st,Michael Jordan
525,1986,2nd,Moses Malone
526,1986,2nd,Charles Barkley
527,1986,2nd,Dominique Wilkins
528,1986,2nd,Fat Lever
529,1986,2nd,Isiah Thomas
530,1985,1st,Kareem Abdul-Jabbar
531,1985,1st,Larry Bird
532,1985,1st,Dominique Wilkins
533,1985,1st,Magic Johnson
534,1985,1st,Isiah Thomas
535,1985,2nd,Hakeem Olajuwon
536,1985,2nd,Charles Barkley
537,1985,2nd,Alex English
538,1985,2nd,Sidney Moncrief
539,1985,2nd,Alvin Robertson
540,1984,1st,Moses Malone
541,1984,1st,Larry Bird
542,1984,1st,Bernard King
543,1984,1st,Magic Johnson
544,1984,1st,Isiah Thomas
545,1984,2nd,Kareem Abdul-Jabbar
546,1984,2nd,Terry Cummings
547,1984,2nd,Ralph Sampson
548,1984,2nd,Michael Jordan
549,1984,2nd,Sidney Moncrief
550,1983,1st,Kareem Abdul-Jabbar
551,1983,1st,Larry Bird
552,1983,1st,Bernard King
553,1983,1st,Magic Johnson
554,1983,1st,Isiah Thomas
555,1983,2nd,Moses Malone
556,1983,2nd,Adrian Dantley
557,1983,2nd,Julius Erving
558,1983,2nd,Sidney Moncrief
559,1983,2nd,Jim Paxson
560,1982,1st,Moses Malone
561,1982,1st,Larry Bird
562,1982,1st,Julius Erving
563,1982,1st,Magic Johnson
564,1982,1st,Sidney Moncrief
565,1982,2nd,Kareem Abdul-Jabbar
566,1982,2nd,Alex English
567,1982,2nd,Buck Williams
568,1982,2nd,George Gervin
569,1982,2nd,Isiah Thomas
570,1981,1st,Moses Malone
571,1981,1st,Larry Bird
572,1981,1st,Julius Erving
573,1981,1st,George Gervin
574,1981,1st,Gus Williams
575,1981,2nd,Robert Parish
576,1981,2nd,Alex English
577,1981,2nd,Bernard King
578,1981,2nd,Magic Johnson
579,1981,2nd,Sidney Moncrief
580,1980,1st,Kareem Abdul-Jabbar
581,1980,1st,Larry Bird
582,1980,1st,Julius Erving
583,1980,1st,George Gervin
584,1980,1st,Dennis Johnson
585,1980,2nd,Moses Malone
586,1980,2nd,Adrian Dantley
587,1980,2nd,Marques Johnson
588,1980,2nd,Tiny Archibald
589,1980,2nd,Otis Birdsong
590,1979,1st,Kareem Abdul-Jabbar
591,1979,1st,Larry Bird
592,1979,1st,Julius Erving
593,1979,1st,George Gervin
594,1979,1st,Paul Westphal
595,1979,2nd,Moses Malone
596,1979,2nd,Marques Johnson
597,1979,2nd,Dan Roundfield
598,1979,2nd,Dennis Johnson
599,1979,2nd,Gus Williams
600,1978,1st,Moses Malone
601,1978,1st,Elvin Hayes
602,1978,1st,Marques Johnson
603,1978,1st,George Gervin
604,1978,1st,Paul Westphal
605,1978,2nd,Kareem Abdul-Jabbar
606,1978,2nd,Bob Dandridge
607,1978,2nd,Walter Davis
608,1978,2nd,Phil Ford
609,1978,2nd,World B. Free
610,1977,1st,Bill Walton
611,1977,1st,Julius Erving
612,1977,1st,Truck Robinson
613,1977,1st,George Gervin
614,1977,1st,David Thompson
615,1977,2nd,Kareem Abdul-Jabbar
616,1977,2nd,Walter Davis
617,1977,2nd,Maurice Lucas
618,1977,2nd,Pete Maravich
619,1977,2nd,Paul Westphal
620,1976,1st,Kareem Abdul-Jabbar
621,1976,1st,Elvin Hayes
622,1976,1st,David Thompson
623,1976,1st,Pete Maravich
624,1976,1st,Paul Westphal
625,1976,2nd,Bill Walton
626,1976,2nd,Julius Erving
627,1976,2nd,George McGinnis
628,1976,2nd,George Gervin
629,1976,2nd,Jo Jo White
630,1975,1st,Kareem Abdul-Jabbar
631,1975,1st,Rick Barry
632,1975,1st,George McGinnis
633,1975,1st,Tiny Archibald
634,1975,1st,Pete Maravich
635,1975,2nd,Dave Cowens
636,1975,2nd,John Havlicek
637,1975,2nd,Elvin Hayes
638,1975,2nd,Phil Smith
639,1975,2nd,Randy Smith
640,1974,1st,Bob McAdoo
641,1974,1st,Rick Barry
642,1974,1st,Elvin Hayes
643,1974,1st,Tiny Archibald
644,1974,1st,Walt Frazier
645,1974,2nd,Dave Cowens
646,1974,2nd,John Havlicek
647,1974,2nd,Spencer Haywood
648,1974,2nd,Phil Chenier
649,1974,2nd,Jo Jo White
650,1973,1st,Kareem Abdul-Jabbar
651,1973,1st,Rick Barry
652,1973,1st,John Havlicek
653,1973,1st,Walt Frazier
654,1973,1st,Gail Goodrich
655,1973,2nd,Bob McAdoo
656,1973,2nd,Elvin Hayes
657,1973,2nd,Spencer Haywood
658,1973,2nd,Dave Bing
659,1973,2nd,Norm Van Lier
660,1972,1st,Kareem Abdul-Jabbar
661,1972,1st,John Havlicek
662,1972,1st,Spencer Haywood
663,1972,1st,Tiny Archibald
664,1972,1st,Jerry West
665,1972,2nd,Dave Cowens
666,1972,2nd,Rick Barry
667,1972,2nd,Elvin Hayes
668,1972,2nd,Walt Frazier
669,1972,2nd,Pete Maravich
670,1971,1st,Kareem Abdul-Jabbar
671,1971,1st,John Havlicek
672,1971,1st,Spencer Haywood
673,1971,1st,Walt Frazier
674,1971,1st,Jerry West
675,1971,2nd,Wilt Chamberlain
676,1971,2nd,Billy Cunningham
677,1971,2nd,Bob Love
678,1971,2nd,Tiny Archibald
679,1971,2nd,Archie Clark
680,1970,1st,Kareem Abdul-Jabbar
681,1970,1st,Billy Cunningham
682,1970,1st,John Havlicek
683,1970,1st,Dave Bing
684,1970,1st,Jerry West
685,1970,2nd,Willis Reed
686,1970,2nd,Gus Johnson
687,1970,2nd,Bob Love
688,1970,2nd,Walt Frazier
689,1970,2nd,Oscar Robertson
690,1969,1st,Willis Reed
691,1969,1st,Billy Cunningham
692,1969,1st,Connie Hawkins
693,1969,1st,Walt Frazier
694,1969,1st,Jerry West
695,1969,2nd,Kareem Abdul-Jabbar
696,1969,2nd,John Havlicek
697,1969,2nd,Gus Johnson
698,1969,2nd,Lou Hudson
699,1969,2nd,Oscar Robertson
700,1968,1st,Wes Unseld
701,1968,1st,Elgin Baylor
702,1968,1st,Billy Cunningham
703,1968,1st,Earl Monroe
704,1968,1st,Oscar Robertson
705,1968,2nd,Willis Reed
706,1968,2nd,Dave DeBusschere
707,1968,2nd,John Havlicek
708,1968,2nd,Hal Greer
709,1968,2nd,Jerry West
710,1967,1st,Wilt Chamberlain
711,1967,1st,Elgin Baylor
712,1967,1st,Jerry Lucas
713,1967,1st,Dave Bing
714,1967,1st,Oscar Robertson
715,1967,2nd,Bill Russell
716,1967,2nd,John Havlicek
717,1967,2nd,Willis Reed
718,1967,2nd,Hal Greer
719,1967,2nd,Jerry West
720,1966,1st,Wilt Chamberlain
721,1966,1st,Rick Barry
722,1966,1st,Elgin Baylor
723,1966,1st,Oscar Robertson
724,1966,1st,Jerry West
725,1966,2nd,Bill Russell
726,1966,2nd,Jerry Lucas
727,1966,2nd,Willis Reed
728,1966,2nd,Hal Greer
729,1966,2nd,Sam Jones
730,1965,1st,Wilt Chamberlain
731,1965,1st,Rick Barry
732,1965,1st,Jerry Lucas
733,1965,1st,Oscar Robertson
734,1965,1st,Jerry West
735,1965,2nd,Bill Russell
736,1965,2nd,John Havlicek
737,1965,2nd,Gus Johnson
738,1965,2nd,Hal Greer
739,1965,2nd,Sam Jones
740,1964,1st,Bill Russell
741,1964,1st,Elgin Baylor
742,1964,1st,Jerry Lucas
743,1964,1st,Oscar Robertson
744,1964,1st,Jerry West
745,1964,2nd,Wilt Chamberlain
746,1964,2nd,Gus Johnson
747,1964,2nd,Bob Pettit
748,1964,2nd,Hal Greer
749,1964,2nd,Sam Jones
750,1963,1st,Wilt Chamberlain
751,1963,1st,Elgin Baylor
752,1963,1st,Bob Pettit
753,1963,1st,Oscar Robertson
754,1963,1st,Jerry West
755,1963,2nd,Bill Russell
756,1963,2nd,Tom Heinsohn
757,1963,2nd,Jerry Lucas
758,1963,2nd,Hal Greer
759,1963,2nd,John Havlicek
760,1962,1st,Bill Russell
761,1962,1st,Elgin Baylor
762,1962,1st,Bob Pettit
763,1962,1st,Oscar Robertson
764,1962,1st,Jerry West
765,1962,2nd,Wilt Chamberlain
766,1962,2nd,Tom Heinsohn
767,1962,2nd,Bailey Howell
768,1962,2nd,Bob Cousy
769,1962,2nd,Hal Greer
770,1961,1st,Wilt Chamberlain
771,1961,1st,Elgin Baylor
772,1961,1st,Bob Pettit
773,1961,1st,Oscar Robertson
774,1961,1st,Jerry West
775,1961,2nd,Bill Russell
776,1961,2nd,Tom Heinsohn
777,1961,2nd,Jack Twyman
778,1961,2nd,Bob Cousy
779,1961,2nd,Richie Guerin
780,1960,1st,Wilt Chamberlain
781,1960,1st,Elgin Baylor
782,1960,1st,Bob Pettit
783,1960,1st,Bob Cousy
784,1960,1st,Oscar Robertson
785,1960,2nd,Bill Russell
786,1960,2nd,Tom Heinsohn
787,1960,2nd,Dolph Schayes
788,1960,2nd,Larry Costello
789,1960,2nd,Gene Shue
790,1959,1st,Wilt Chamberlain
791,1959,1st,Elgin Baylor
792,1959,1st,Bob Pettit
793,1959,1st,Bob Cousy
794,1959,1st,Gene Shue
795,1959,2nd,Bill Russell
796,1959,2nd,Dolph Schayes
797,1959,2nd,Jack Twyman
798,1959,2nd,Richie Guerin
799,1959,2nd,Bill Sharman
800,1958,1st,Bill Russell
801,1958,1st,Elgin Baylor
802,1958,1st,Bob Pettit
803,1958,1st,Bob Cousy
804,1958,1st,Bill Sharman
805,1958,2nd,Dolph Schayes
806,1958,2nd,Paul Arizin
807,1958,2nd,Cliff Hagan
808,1958,2nd,Richie Guerin
809,1958,2nd,Slater Martin
810,1957,1st,Bob Pettit
811,1957,1st,Dolph Schayes
812,1957,1st,George Yardley
813,1957,1st,Bob Cousy
814,1957,1st,Bill Sharman
815,1957,2nd,Bill Russell
816,1957,2nd,Cliff Hagan
817,1957,2nd,Maurice Stokes
818,1957,2nd,Tom Gola
819,1957,2nd,Slater Martin
820,1956,1st,Bob Pettit
821,1956,1st,Paul Arizin
822,1956,1st,Dolph Schayes
823,1956,1st,Bob Cousy
824,1956,1st,Bill Sharman
825,1956,2nd,Neil Johnston
826,1956,2nd,Maurice Stokes
827,1956,2nd,George Yardley
828,1956,2nd,Dick Garmaker
829,1956,2nd,Slater Martin
830,1955,1st,Neil Johnston
831,1955,1st,Paul Arizin
832,1955,1st,Bob Pettit
833,1955,1st,Bob Cousy
834,1955,1st,Bill Sharman
835,1955,2nd,Clyde Lovellette
836,1955,2nd,Dolph Schayes
837,1955,2nd,Maurice Stokes
838,1955,2nd,Jack George
839,1955,2nd,Slater Martin
840,1954,1st,Bob Cousy
841,1954,1st,Larry Foust
842,1954,1st,Neil Johnston
843,1954,1st,Bob Pettit
844,1954,1st,Dolph Schayes
845,1954,2nd,Harry Gallatin
846,1954,2nd,Slater Martin
847,1954,2nd,Vern Mikkelsen
848,1954,2nd,Paul Seymour
849,1954,2nd,Bill Sharman
850,1953,1st,Bob Cousy
851,1953,1st,Harry Gallatin
852,1953,1st,Neil Johnston
853,1953,1st,George Mikan
854,1953,1st,Dolph Schayes
855,1953,2nd,Carl Braun
856,1953,2nd,Ed Macauley
857,1953,2nd,Jim Pollard
858,1953,2nd,Paul Seymour
859,1953,2nd,Bobby Wanzer
860,1952,1st,Bob Cousy
861,1952,1st,Neil Johnston
862,1952,1st,Ed Macauley
863,1952,1st,George Mikan
864,1952,1st,Dolph Schayes
865,1952,2nd,Bob Davies
866,1952,2nd,Vern Mikkelsen
867,1952,2nd,Andy Phillip
868,1952,2nd,Bill Sharman
869,1952,2nd,Bobby Wanzer
870,1951,1st,Paul Arizin
871,1951,1st,Bob Cousy
872,1951,1st,Ed Macauley
873,1951,1st,George Mikan
874,1951,1st,Bob Davies
875,1951,2nd,Larry Foust
876,1951,2nd,Vern Mikkelsen
877,1951,2nd,Andy Phillip
878,1951,2nd,Jim Pollard
879,1951,2nd,Bobby Wanzer
880,1950,1st,Ralph Beard
881,1950,1st,Bob Davies
882,1950,1st,Alex Groza
883,1950,1st,Ed Macauley
884,1950,1st,George Mikan
885,1950,2nd,Frankie Brian
886,1950,2nd,Joe Fulks
887,1950,2nd,Dick McGuire
888,1950,2nd,Vern Mikkelsen
889,1950,2nd,Dolph Schayes
890,1949,1st,Bob Davies
891,1949,1st,Alex Groza
892,1949,1st,George Mikan
893,1949,1st,Jim Pollard
894,1949,1st,Max Zaslofsky
895,1949,2nd,Ralph Beard
896,1949,2nd,Frankie Brian
897,1949,2nd,Al Cervi
898,1949,2nd,Fred Schaus
899,1949,2nd,Dolph Schayes
900,1948,1st,Bob Davies
901,1948,1st,Joe Fulks
902,1948,1st,George Mikan
903,1948,1st,Jim Pollard
904,1948,1st,Max Zaslofsky
905,1948,2nd,Bob Feerick
906,1948,2nd,John Logan
907,1948,2nd,Bones McKinney
908,1948,2nd,Arnie Risen
909,1948,2nd,Kenny Sailors
910,1947,1st,Howie Dallmar
911,1947,1st,Bob Feerick
912,1947,1st,Joe Fulks
913,1947,1st,Ed Sadowski
914,1947,1st,Max Zaslofsky
915,1947,2nd,Carl Braun
916,1947,2nd,Buddy Jeannette
917,1947,2nd,John Logan
918,1947,2nd,Stan Miasek
919,1947,2nd,Fred Scolari
920,1946,1st,Bob Feerick
921,1946,1st,Joe Fulks
922,1946,1st,Bones McKinney
923,1946,1st,Stan Miasek
924,1946,1st,Max Zaslofsky
925,1946,2nd,Frankie Baumholtz
926,1946,2nd,Ernie Calverley
927,1946,2nd,Chick Halbert
928,1946,2nd,John Logan
929,1946,2nd,Fred Scolari
930,2021,MVP,Nikola Jokić
931,2020,MVP,Nikola Jokić
932,2019,MVP,Giannis Antetokounmpo
933,2018,MVP,Giannis Antetokounmpo
934,2017,MVP,James Harden
935,2016,MVP,Russell Westbrook
936,2015,MVP,Stephen Curry
937,2014,MVP,Stephen Curry
938,2013,MVP,Kevin Durant
939,2012,MVP,LeBron James
940,2011,MVP,LeBron James
941,2010,MVP,Derrick Rose
942,2009,MVP,LeBron James
943,2008,MVP,LeBron James
944,2007,MVP,Kobe Bryant
945,2006,MVP,Dirk Nowitzki
946,2005,MVP,Steve Nash
947,2004,MVP,Steve Nash
948,2003,MVP,Kevin Garnett
949,2002,MVP,Tim Duncan
950,2001,MVP,Tim Duncan
951,2000,MVP,Allen Iverson
952,1999,MVP,Shaquille O'Neal
953,1998,MVP,Karl Malone
954,1997,MVP,Michael Jordan
955,1996,MVP,Karl Malone
956,1995,MVP,Michael Jordan
957,1994,MVP,David Robinson
958,1993,MVP,Hakeem Olajuwon
959,1992,MVP,Charles Barkley
960,1991,MVP,Michael Jordan
961,1990,MVP,Michael Jordan
962,1989,MVP,Magic Johnson
963,1988,MVP,Magic Johnson
964,1987,MVP,Michael Jordan
965,1986,MVP,Magic Johnson
966,1985,MVP,Larry Bird
967,1984,MVP,Larry Bird
968,1983,MVP,Larry Bird
969,1982,MVP,Moses Malone
970,1981,MVP,Moses Malone
971,1980,MVP,Julius Erving
972,1979,MVP,Kareem Abdul-Jabbar
973,1978,MVP,Moses Malone
974,1977,MVP,Bill Walton
975,1976,MVP,Kareem Abdul-Jabbar
976,1975,MVP,Kareem Abdul-Jabbar
977,1974,MVP,Bob McAdoo
978,1973,MVP,Kareem Abdul-Jabbar
979,1972,MVP,Dave Cowens
980,1971,MVP,Kareem Abdul-Jabbar
981,1970,MVP,Kareem Abdul-Jabbar
982,1969,MVP,Willis Reed
983,1968,MVP,Wes Unseld
984,1967,MVP,Wilt Chamberlain
985,1966,MVP,Wilt Chamberlain
986,1965,MVP,Wilt Chamberlain
987,1964,MVP,Bill Russell
988,1963,MVP,Oscar Robertson
989,1962,MVP,Bill Russell
990,1961,MVP,Bill Russell
991,1960,MVP,Bill Russell
992,1959,MVP,Wilt Chamberlain
993,1958,MVP,Bob Pettit
994,1957,MVP,Bill Russell
995,1956,MVP,Bob Cousy
996,1955,MVP,Bob Pettit
997,2021,DPOY,Marcus Smart
998,2020,DPOY,Rudy Gobert
999,2019,DPOY,Giannis Antetokounmpo
1000,2018,DPOY,Rudy Gobert
1001,2017,DPOY,Rudy Gobert
1002,2016,DPOY,Draymond Green
1003,2015,DPOY,Kawhi Leonard
1004,2014,DPOY,Kawhi Leonard
1005,2013,DPOY,Joakim Noah
1006,2012,DPOY,Marc Gasol
1007,2011,DPOY,Tyson Chandler
1008,2010,DPOY,Dwight Howard
1009,2009,DPOY,Dwight Howard
1010,2008,DPOY,Dwight Howard
1011,2007,DPOY,Kevin Garnett
1012,2006,DPOY,Marcus Camby
1013,2005,DPOY,Ben Wallace
1014,2004,DPOY,Ben Wallace
1015,2003,DPOY,Metta World Peace
1016,2002,DPOY,Ben Wallace
1017,2001,DPOY,Ben Wallace
1018,2000,DPOY,Dikembe Mutombo
1019,1999,DPOY,Alonzo Mourning
1020,1998,DPOY,Alonzo Mourning
1021,1997,DPOY,Dikembe Mutombo
1022,1996,DPOY,Dikembe Mutombo
1023,1995,DPOY,Gary Payton
1024,1994,DPOY,Dikembe Mutombo
1025,1993,DPOY,Hakeem Olajuwon
1026,1992,DPOY,Hakeem Olajuwon
1027,1991,DPOY,David Robinson
1028,1990,DPOY,Dennis Rodman
1029,1989,DPOY,Dennis Rodman
1030,1988,DPOY,Mark Eaton
1031,1987,DPOY,Michael Jordan
1032,1986,DPOY,Michael Cooper
1033,1985,DPOY,Alvin Robertson
1034,1984,DPOY,Mark Eaton
1035,1983,DPOY,Sidney Moncrief
1036,1982,DPOY,Sidney Moncrief
1037,2021,SMOY,Tyler Herro
1038,2020,SMOY,Jordan Clarkson
1039,2019,SMOY,Montrezl Harrell
1040,2018,SMOY,Lou Williams
1041,2017,SMOY,Lou Williams
1042,2016,SMOY,Eric Gordon
1043,2015,SMOY,Jamal Crawford
1044,2014,SMOY,Lou Williams
1045,2013,SMOY,Jamal Crawford
1046,2012,SMOY,J.R. Smith
1047,2011,SMOY,James Harden
1048,2010,SMOY,Lamar Odom
1049,2009,SMOY,Jamal Crawford
1050,2008,SMOY,Jason Terry
1051,2007,SMOY,Manu Ginóbili
1052,2006,SMOY,Leandro Barbosa
1053,2005,SMOY,Mike Miller
1054,2004,SMOY,Ben Gordon
1055,2003,SMOY,Antawn Jamison
1056,2002,SMOY,Bobby Jackson
1057,2001,SMOY,Corliss Williamson
1058,2000,SMOY,Aaron McKie
1059,1999,SMOY,Rodney Rogers
1060,1998,SMOY,Darrell Armstrong
1061,1997,SMOY,Danny Manning
1062,1996,SMOY,John Starks
1063,1995,SMOY,Toni Kukoč
1064,1994,SMOY,Anthony Mason
1065,1993,SMOY,Dell Curry
1066,1992,SMOY,Clifford Robinson
1067,1991,SMOY,Detlef Schrempf
1068,1990,SMOY,Detlef Schrempf
1069,1989,SMOY,Ricky Pierce
1070,1988,SMOY,Eddie Johnson
1071,1987,SMOY,Roy Tarpley
1072,1986,SMOY,Ricky Pierce
1073,1985,SMOY,Bill Walton
1074,1984,SMOY,Kevin McHale
1075,1983,SMOY,Kevin McHale
1076,1982,SMOY,Bobby Jones
1077,2021,MIP,Ja Morant
1078,2020,MIP,Julius Randle
1079,2019,MIP,Brandon Ingram
1080,2018,MIP,Pascal Siakam
1081,2017,MIP,Victor Oladipo
1082,2016,MIP,Giannis Antetokounmpo
1083,2015,MIP,CJ McCollum
1084,2014,MIP,Jimmy Butler
1085,2013,MIP,Goran Dragić
1086,2012,MIP,Paul George
1087,2011,MIP,Ryan Anderson
1088,2010,MIP,Kevin Love
1089,2009,MIP,Aaron Brooks
1090,2008,MIP,Danny Granger
1091,2007,MIP,Hedo Türkoğlu
1092,2006,MIP,Monta Ellis
1093,2005,MIP,Boris Diaw
1094,2004,MIP,Bobby Simmons
1095,2003,MIP,Zach Randolph
1096,2002,MIP,Gilbert Arenas
1097,2001,MIP,Jermaine O'Neal
1098,2000,MIP,Tracy McGrady
1099,1999,MIP,Jalen Rose
1100,1998,MIP,Darrell Armstrong
1101,1997,MIP,Alan Henderson
1102,1996,MIP,Isaac Austin
1103,1995,MIP,Gheorghe Mureșan
1104,1994,MIP,Dana Barros
1105,1993,MIP,Don MacLean
1106,1992,MIP,Mahmoud Abdul-Rauf
1107,1991,MIP,Pervis Ellison
1108,1990,MIP,Scott Skiles
1109,1989,MIP,Rony Seikaly
1110,1988,MIP,Kevin Johnson
1111,1987,MIP,Kevin Duckworth
1112,1986,MIP,Dale Ellis
1113,1985,MIP,Alvin Robertson
